[{"model": "core.county", "pk": 1, "fields": {"name": "Dublin", "slug": "dublin"}}, {"model": "core.county", "pk": 2, "fields": {"name": "Cork", "slug": "cork"}}, {"model": "core.county", "pk": 3, "fields": {"name": "Galway", "slug": "galway"}}, {"model": "core.county", "pk": 4, "fields": {"name": "Limerick", "slug": "limerick"}}, {"model": "core.county", "pk": 5, "fields": {"name": "Kerry", "slug": "kerry"}}, {"model": "core.county", "pk": 6, "fields": {"name": "Mayo", "slug": "mayo"}}, {"model": "core.county", "pk": 7, "fields": {"name": "Kildare", "slug": "kildare"}}, {"model": "core.county", "pk": 8, "fields": {"name": "Wicklow", "slug": "wicklow"}}, {"model": "core.county", "pk": 9, "fields": {"name": "Meath", "slug": "meath"}}, {"model": "core.county", "pk": 10, "fields": {"name": "Waterford", "slug": "waterford"}}, {"model": "core.town", "pk": 1, "fields": {"name": "Dublin City", "county": 1, "slug": "dublin-city"}}, {"model": "core.town", "pk": 2, "fields": {"name": "Dublin 1", "county": 1, "slug": "dublin-1"}}, {"model": "core.town", "pk": 3, "fields": {"name": "Dublin 2", "county": 1, "slug": "dublin-2"}}, {"model": "core.town", "pk": 4, "fields": {"name": "Dublin 3", "county": 1, "slug": "dublin-3"}}, {"model": "core.town", "pk": 5, "fields": {"name": "Dublin 4", "county": 1, "slug": "dublin-4"}}, {"model": "core.town", "pk": 6, "fields": {"name": "Dublin 6", "county": 1, "slug": "dublin-6"}}, {"model": "core.town", "pk": 7, "fields": {"name": "Dublin 8", "county": 1, "slug": "dublin-8"}}, {"model": "core.town", "pk": 8, "fields": {"name": "Swords", "county": 1, "slug": "swords"}}, {"model": "core.town", "pk": 9, "fields": {"name": "Blanchardstown", "county": 1, "slug": "blanchardstown"}}, {"model": "core.town", "pk": 10, "fields": {"name": "Tallaght", "county": 1, "slug": "tallaght"}}, {"model": "core.town", "pk": 11, "fields": {"name": "Clondalkin", "county": 1, "slug": "clondalkin"}}, {"model": "core.town", "pk": 12, "fields": {"name": "Lucan", "county": 1, "slug": "lucan"}}, {"model": "core.town", "pk": 13, "fields": {"name": "Malahide", "county": 1, "slug": "malahide"}}, {"model": "core.town", "pk": 14, "fields": {"name": "Cork City", "county": 2, "slug": "cork-city"}}, {"model": "core.town", "pk": 15, "fields": {"name": "Ballincollig", "county": 2, "slug": "ballincollig"}}, {"model": "core.town", "pk": 16, "fields": {"name": "Carrigaline", "county": 2, "slug": "carrigaline"}}, {"model": "core.town", "pk": 17, "fields": {"name": "Cobh", "county": 2, "slug": "cobh"}}, {"model": "core.town", "pk": 18, "fields": {"name": "Midleton", "county": 2, "slug": "midleton"}}, {"model": "core.town", "pk": 19, "fields": {"name": "Bandon", "county": 2, "slug": "bandon"}}, {"model": "core.town", "pk": 20, "fields": {"name": "Mallow", "county": 2, "slug": "mallow"}}, {"model": "core.town", "pk": 21, "fields": {"name": "Kinsale", "county": 2, "slug": "kinsale"}}, {"model": "core.town", "pk": 22, "fields": {"name": "Galway City", "county": 3, "slug": "galway-city"}}, {"model": "core.town", "pk": 23, "fields": {"name": "Salthill", "county": 3, "slug": "salthill"}}, {"model": "core.town", "pk": 24, "fields": {"name": "Oranmore", "county": 3, "slug": "oranmore"}}, {"model": "core.town", "pk": 25, "fields": {"name": "Tuam", "county": 3, "slug": "tuam"}}, {"model": "core.town", "pk": 26, "fields": {"name": "Ballinasloe", "county": 3, "slug": "ballinasloe"}}, {"model": "core.town", "pk": 27, "fields": {"name": "Limerick City", "county": 4, "slug": "limerick-city"}}, {"model": "core.town", "pk": 28, "fields": {"name": "Castletroy", "county": 4, "slug": "castletroy"}}, {"model": "core.town", "pk": 29, "fields": {"name": "Newcastle West", "county": 4, "slug": "newcastle-west"}}, {"model": "core.town", "pk": 30, "fields": {"name": "Adare", "county": 4, "slug": "adare"}}, {"model": "core.town", "pk": 31, "fields": {"name": "Tralee", "county": 5, "slug": "tralee"}}, {"model": "core.town", "pk": 32, "fields": {"name": "Killarney", "county": 5, "slug": "killarney"}}, {"model": "core.town", "pk": 33, "fields": {"name": "Dingle", "county": 5, "slug": "dingle"}}, {"model": "core.town", "pk": 34, "fields": {"name": "Kenmare", "county": 5, "slug": "kenmare"}}, {"model": "core.town", "pk": 35, "fields": {"name": "Castlebar", "county": 6, "slug": "castlebar"}}, {"model": "core.town", "pk": 36, "fields": {"name": "Ballina", "county": 6, "slug": "ballina"}}, {"model": "core.town", "pk": 37, "fields": {"name": "Westport", "county": 6, "slug": "westport"}}, {"model": "core.town", "pk": 38, "fields": {"name": "Naas", "county": 7, "slug": "naas"}}, {"model": "core.town", "pk": 39, "fields": {"name": "Newbridge", "county": 7, "slug": "newbridge"}}, {"model": "core.town", "pk": 40, "fields": {"name": "Celbridge", "county": 7, "slug": "celbridge"}}, {"model": "core.town", "pk": 41, "fields": {"name": "Maynooth", "county": 7, "slug": "maynooth"}}, {"model": "core.town", "pk": 42, "fields": {"name": "Leixlip", "county": 7, "slug": "leixlip"}}, {"model": "core.town", "pk": 43, "fields": {"name": "Bray", "county": 8, "slug": "bray"}}, {"model": "core.town", "pk": 44, "fields": {"name": "Wicklow Town", "county": 8, "slug": "wicklow-town"}}, {"model": "core.town", "pk": 45, "fields": {"name": "Greystones", "county": 8, "slug": "greystones"}}, {"model": "core.town", "pk": 46, "fields": {"name": "Arklow", "county": 8, "slug": "arklow"}}, {"model": "core.town", "pk": 47, "fields": {"name": "Navan", "county": 9, "slug": "navan"}}, {"model": "core.town", "pk": 48, "fields": {"name": "Trim", "county": 9, "slug": "trim"}}, {"model": "core.town", "pk": 49, "fields": {"name": "Ashbourne", "county": 9, "slug": "ashbourne"}}, {"model": "core.town", "pk": 50, "fields": {"name": "Waterford City", "county": 10, "slug": "waterford-city"}}, {"model": "core.town", "pk": 51, "fields": {"name": "Tramore", "county": 10, "slug": "tramore"}}, {"model": "core.town", "pk": 52, "fields": {"name": "Dungarvan", "county": 10, "slug": "dungarvan"}}, {"model": "core.landlord", "pk": 1, "fields": {"name": "Property Manager", "email": "info@gafflist.ie", "phone": "01-234-5678", "user_type": "property_manager", "is_verified": true, "verification_date": "2025-07-31T07:31:13.012Z", "verification_documents": [], "verification_notes": "", "company_name": "Dublin Property Management", "license_number": "", "preferred_contact_method": "both", "response_time_hours": 12, "created_at": "2025-07-31T07:31:13.029Z", "updated_at": "2025-07-31T07:31:13.029Z", "is_active": true}}, {"model": "core.landlord", "pk": 2, "fields": {"name": "Cork Properties", "email": "cork@gafflist.ie", "phone": "021-456-7890", "user_type": "agent", "is_verified": false, "verification_date": null, "verification_documents": [], "verification_notes": "", "company_name": "Cork Properties Ltd", "license_number": "", "preferred_contact_method": "both", "response_time_hours": 24, "created_at": "2025-07-31T07:31:13.032Z", "updated_at": "2025-07-31T07:31:13.032Z", "is_active": true}}, {"model": "core.landlord", "pk": 3, "fields": {"name": "Student Accommodation", "email": "student@gafflist.ie", "phone": "091-234-5678", "user_type": "landlord", "is_verified": false, "verification_date": null, "verification_documents": [], "verification_notes": "", "company_name": "", "license_number": "", "preferred_contact_method": "both", "response_time_hours": 48, "created_at": "2025-07-31T07:31:13.034Z", "updated_at": "2025-07-31T07:31:13.034Z", "is_active": true}}, {"model": "core.landlord", "pk": 4, "fields": {"name": "Luxury Lettings", "email": "luxury@gafflist.ie", "phone": "061-789-0123", "user_type": "agent", "is_verified": true, "verification_date": "2025-07-31T07:31:13.012Z", "verification_documents": [], "verification_notes": "", "company_name": "Luxury Lettings Ltd", "license_number": "PSRA-12345", "preferred_contact_method": "both", "response_time_hours": 6, "created_at": "2025-07-31T07:31:13.037Z", "updated_at": "2025-07-31T07:31:13.037Z", "is_active": true}}, {"model": "core.landlord", "pk": 5, "fields": {"name": "Wicklow Homes", "email": "wicklow@gafflist.ie", "phone": "01-987-6543", "user_type": "landlord", "is_verified": true, "verification_date": "2025-07-31T07:31:13.013Z", "verification_documents": [], "verification_notes": "", "company_name": "", "license_number": "", "preferred_contact_method": "both", "response_time_hours": 12, "created_at": "2025-07-31T07:31:13.040Z", "updated_at": "2025-07-31T07:31:13.040Z", "is_active": true}}, {"model": "core.landlord", "pk": 6, "fields": {"name": "North Dublin Lets", "email": "north@gafflist.ie", "phone": "01-555-0123", "user_type": "agent", "is_verified": false, "verification_date": null, "verification_documents": [], "verification_notes": "", "company_name": "North Dublin Lettings", "license_number": "", "preferred_contact_method": "both", "response_time_hours": 24, "created_at": "2025-07-31T07:31:13.042Z", "updated_at": "2025-07-31T07:31:13.042Z", "is_active": true}}, {"model": "core.property", "pk": "16fc3be1-a3f0-4bac-8ace-3c07c976838c", "fields": {"title": "Cozy 3-Bed House in Cork City", "description": "Beautiful 3-bedroom house in Cork City. Perfect for families.", "county": 2, "town": 14, "address": "", "property_type": "house", "house_type": "", "bedrooms": 3, "bathrooms": 2, "floor_area": null, "rent_monthly": "1800.00", "deposit": null, "furnished": "unfurnished", "ber_rating": "C1", "ber_number": "", "features": ["Garden", "Parking", "Quiet Area"], "main_image": "https://images.unsplash.com/photo-1568605114967-8130f3a36994?w=500&h=300&fit=crop", "image_urls": [], "available_from": "2025-02-15", "lease_length": "", "landlord": 2, "created_at": "2025-07-30T19:05:30.900Z", "updated_at": "2025-07-31T07:31:13.053Z", "is_active": true}}, {"model": "core.property", "pk": "2c6a29c4-e4f1-4417-915b-7a0d6108f980", "fields": {"title": "Luxury 1-Bed Apartment in Limerick City", "description": "Brand new luxury 1-bedroom apartment in the city center.", "county": 4, "town": 27, "address": "", "property_type": "apartment", "house_type": "", "bedrooms": 1, "bathrooms": 1, "floor_area": null, "rent_monthly": "1400.00", "deposit": null, "furnished": "furnished", "ber_rating": "A2", "ber_number": "", "features": ["River Views", "City Center", "Luxury Finishes"], "main_image": "https://images.unsplash.com/photo-1522708323590-d24dbb6b0267?w=500&h=300&fit=crop", "image_urls": [], "available_from": "2025-01-15", "lease_length": "", "landlord": 4, "created_at": "2025-07-30T19:05:30.908Z", "updated_at": "2025-07-31T07:31:13.047Z", "is_active": true}}, {"model": "core.property", "pk": "a1b2c3d4-e5f6-7890-abcd-123456789001", "fields": {"title": "Modern 2-Bed Apartment in Dublin 2", "description": "Spacious and modern 2-bedroom apartment in the heart of Dublin 2.", "county": 1, "town": 3, "address": "Grand Canal Dock, Dublin 2", "property_type": "apartment", "house_type": "", "bedrooms": 2, "bathrooms": 2, "floor_area": 75, "rent_monthly": "2200.00", "deposit": "2200.00", "furnished": "furnished", "ber_rating": "B2", "ber_number": "123456789", "features": ["Parking", "Balcony", "Modern Kitchen", "City Views"], "main_image": "https://images.unsplash.com/photo-1560448204-e02f11c3d0e2?w=500&h=300&fit=crop", "image_urls": [], "available_from": "2025-02-01", "lease_length": "12 months minimum", "landlord": 1, "created_at": "2025-07-30T19:04:51.105Z", "updated_at": "2025-07-31T07:31:13.055Z", "is_active": true}}, {"model": "core.property", "pk": "c6dd0cb5-1f92-4946-b600-0447af83b247", "fields": {"title": "Student Room in Galway City", "description": "Single room in shared house near NUIG. Perfect for students.", "county": 3, "town": 22, "address": "", "property_type": "shared", "house_type": "", "bedrooms": 1, "bathrooms": 1, "floor_area": null, "rent_monthly": "650.00", "deposit": null, "furnished": "furnished", "ber_rating": "D1", "ber_number": "", "features": ["All Bills Included", "Near University", "WiFi"], "main_image": "https://images.unsplash.com/photo-1586023492125-27b2c045efd7?w=500&h=300&fit=crop", "image_urls": [], "available_from": "2025-01-20", "lease_length": "", "landlord": 3, "created_at": "2025-07-30T19:05:30.905Z", "updated_at": "2025-07-31T07:31:13.050Z", "is_active": true}}]